{
    "train": {
        "total": {
            "mae": 2.9544708728790283,
            "loss": 13.023755073547363
        }
    },
    "grad_norm_total": 11.01971435546875,
    "grad_norm_max": 7.469687461853027,
    "epoch": 0,
    "step": 49
}
